"id_user","id_product","like"
"1","317","-1"
"1","1144","1"
"1","1717","-1"
"2","470","-1"
"2","550","-1"
"2","1160","1"
"2","1187","1"
"2","1232","1"
"2","1634","-1"
"3","542","1"
"3","1075","1"
"3","1691","1"
"3","1965","-1"
"4","565","1"
"4","585","1"
"4","1104","1"
"4","1273","-1"
"4","1755","-1"
"4","1956","-1"
"5","143","-1"
"5","384","-1"
"5","607","1"
"5","1430","1"
"6","874","-1"
"6","1213","-1"
"6","1603","-1"
"7","226","-1"
"7","1623","1"
"7","1939","-1"
"9","992","1"
"9","1729","1"
"9","1962","-1"
"10","1570","1"
"10","1855","-1"
"11","59","-1"
"11","572","1"
"11","747","1"
"11","1026","-1"
"12","7","1"
"12","752","1"
"12","869","1"
"13","222","-1"
"13","525","-1"
"13","1023","-1"
"14","922","1"
"14","1972","1"
"15","467","-1"
"15","1016","-1"
"15","1330","1"
"15","1563","-1"
"16","255","-1"
"16","287","1"
"16","957","-1"
"16","1249","-1"
"17","384","1"
"17","576","-1"
"17","921","1"
"17","1307","1"
"17","1892","1"
"18","239","-1"
"18","520","-1"
"18","965","-1"
"18","1004","-1"
"18","1695","-1"
"19","469","1"
"19","603","1"
"19","615","-1"
"19","737","-1"
"19","925","1"
"19","1371","1"
"19","1928","1"
"20","654","-1"
"20","1981","-1"
"21","102","1"
"21","572","-1"
"21","1216","1"
"21","1763","-1"
"22","974","-1"
"23","487","1"
"23","615","-1"
"23","1095","1"
"23","1418","-1"
"23","1942","1"
"24","1247","-1"
"24","1523","1"
"24","1750","1"
"24","1761","1"
"25","99","1"
"25","1015","-1"
"25","1059","1"
"25","1510","-1"
"26","509","-1"
"26","903","1"
"26","1714","-1"
"27","31","-1"
"27","795","-1"
"27","1369","1"
"27","1769","1"
"27","1989","1"
"28","5","-1"
"28","228","1"
"28","842","-1"
"29","284","1"
"29","291","1"
"29","406","1"
"29","894","1"
"29","1138","1"
"29","1371","-1"
"30","408","1"
"30","589","-1"
"30","1742","-1"
"31","1287","1"
"31","1420","-1"
"32","503","-1"
"32","1355","1"
"33","362","1"
"33","719","-1"
"33","753","1"
"33","1231","1"
"34","225","1"
"34","589","1"
"34","732","1"
"34","1594","1"
"34","1708","-1"
"35","107","1"
"35","358","1"
"35","1320","1"
"35","1349","1"
"36","1334","1"
"36","1359","-1"
"36","1713","-1"
"36","1801","1"
"36","1882","1"
"37","1488","1"
"37","1589","-1"
"38","1915","-1"
"39","28","-1"
"39","32","1"
"39","567","1"
"39","590","-1"
"39","1229","1"
"39","1313","1"
"40","168","1"
"40","1077","1"
"40","1596","1"
"40","1647","-1"
"40","1942","1"
"40","1958","1"
"41","193","1"
"41","515","1"
"41","765","-1"
"41","1521","1"
"41","1553","-1"
"41","1667","-1"
"41","1672","-1"
"41","1848","1"
"42","32","-1"
"42","154","1"
"42","389","-1"
"42","402","1"
"42","674","-1"
"42","821","-1"
"42","976","1"
"43","712","-1"
"43","810","1"
"43","1347","-1"
"43","1930","1"
"44","854","-1"
"44","1421","1"
"44","1707","-1"
"44","1830","-1"
"45","425","-1"
"45","727","-1"
"45","1232","-1"
"45","1740","1"
"45","1770","1"
"45","1792","1"
"45","2000","1"
"47","67","-1"
"47","473","1"
"47","939","-1"
"48","706","1"
"48","1218","-1"
"49","192","1"
"49","610","1"
"49","770","-1"
"50","498","1"
"50","616","-1"
"50","799","-1"
"50","1518","-1"
"51","207","-1"
"51","387","1"
"51","537","-1"
"51","592","1"
"51","1005","1"
"51","1303","1"
"51","1448","-1"
"52","144","1"
"52","411","1"
"52","630","-1"
"52","1916","1"
"52","1927","1"
"53","242","-1"
"53","851","1"
"53","1850","-1"
"54","167","1"
"54","1248","1"
"55","1025","1"
"55","1328","1"
"55","1475","1"
"56","317","1"
"56","1046","-1"
"56","1438","1"
"56","1608","-1"
"56","1683","1"
"57","88","1"
"57","558","-1"
"57","787","-1"
"57","1351","1"
"57","1525","-1"
"58","346","1"
"58","414","1"
"58","552","1"
"58","879","-1"
"59","186","-1"
"59","652","1"
"59","1858","-1"
"60","247","-1"
"60","563","-1"
"60","802","1"
"60","1089","1"
"60","1545","-1"
"61","346","-1"
"61","558","-1"
"61","681","1"
"61","874","1"
"61","1473","1"
"61","1592","1"
"62","50","-1"
"62","144","-1"
"62","307","1"
"62","389","-1"
"62","904","-1"
"62","1430","-1"
"62","1608","1"
"63","447","-1"
"63","759","-1"
"63","890","1"
"63","898","-1"
"63","1304","-1"
"64","337","-1"
"64","614","-1"
"64","1242","-1"
"65","342","-1"
"65","1143","1"
"65","1559","-1"
"65","1677","1"
"65","1716","1"
"66","1151","-1"
"66","1297","1"
"66","1691","1"
"66","1760","-1"
"67","776","1"
"67","868","1"
"67","1389","1"
"67","1535","1"
"67","1885","1"
"68","815","-1"
"68","1114","-1"
"68","1209","-1"
"68","1552","-1"
"68","1625","-1"
"69","1","-1"
"69","362","-1"
"69","469","-1"
"69","1097","1"
"69","1178","1"
"69","1764","1"
"70","302","-1"
"70","959","-1"
"70","1500","1"
"71","1500","-1"
"71","1998","-1"
"72","1935","-1"
"73","85","-1"
"73","343","-1"
"73","352","1"
"73","726","1"
"73","933","-1"
"73","1311","-1"
"73","1398","1"
"74","480","1"
"74","1193","-1"
"74","1750","1"
"75","984","1"
"75","1045","-1"
"76","166","-1"
"76","446","1"
"76","1057","-1"
"76","1422","1"
"77","154","1"
"77","621","1"
"78","517","-1"
"78","598","1"
"78","1496","-1"
"78","1619","1"
"79","109","-1"
"79","711","-1"
"79","1174","-1"
"80","143","-1"
"80","679","-1"
"80","710","1"
"80","811","-1"
"80","918","-1"
"80","1225","1"
"80","1381","1"
"80","1461","-1"
"80","1901","1"
"81","329","1"
"81","511","1"
"81","834","1"
"81","1154","-1"
"81","1764","-1"
"82","1002","-1"
"83","222","-1"
"83","888","1"
"83","1372","-1"
"83","1707","-1"
"83","1766","-1"
"84","544","1"
"84","847","-1"
"84","1236","-1"
"85","786","-1"
"85","927","-1"
"85","1092","-1"
"85","1133","1"
"85","1159","1"
"85","1219","-1"
"87","999","-1"
"87","1133","1"
"87","1215","-1"
"87","1291","-1"
"87","1744","-1"
"87","1963","1"
"88","1006","-1"
"88","1119","-1"
"88","1932","1"
"89","573","-1"
"89","1244","1"
"90","207","-1"
"90","736","1"
"90","1468","-1"
"90","1590","-1"
"90","1593","1"
"90","1596","-1"
"90","1855","-1"
"90","1881","-1"
"91","571","-1"
"91","733","1"
"91","803","1"
"91","1240","1"
"91","1718","-1"
"91","1862","1"
"91","1899","-1"
"92","686","-1"
"92","1154","1"
"92","1206","-1"
"92","1553","-1"
"93","360","1"
"93","362","1"
"93","474","-1"
"93","840","1"
"93","1022","-1"
"93","1534","1"
"93","1903","-1"
"94","1022","1"
"94","1164","-1"
"94","1680","1"
"95","231","1"
"95","686","-1"
"95","719","1"
"95","1679","1"
"96","2","1"
"96","1091","1"
"96","1124","-1"
"96","1647","-1"
"97","590","-1"
"97","682","-1"
"97","883","-1"
"97","1002","1"
"97","1730","1"
"97","1952","-1"
"98","945","-1"
"98","1270","-1"
"98","1359","-1"
"98","1906","-1"
"99","116","1"
"99","248","1"
"99","648","1"
"99","978","-1"
"99","1150","1"
"99","1331","1"
"99","1384","-1"
"99","1593","1"
"100","218","1"
"100","1505","1"
"100","1665","-1"
"101","66","1"
"101","382","1"
"101","491","-1"
"101","1228","-1"
"101","1483","-1"
"101","1532","-1"
"101","1881","1"
"102","295","1"
"102","1282","-1"
"102","1632","-1"
"103","215","1"
"103","475","-1"
"103","890","-1"
"104","55","1"
"104","318","-1"
"104","1028","-1"
"105","700","1"
"105","1924","1"
"106","661","1"
"106","1118","-1"
"106","1123","1"
"106","1339","1"
"107","654","-1"
"107","1610","-1"
"107","1723","-1"
"108","477","1"
"108","514","-1"
"108","1269","1"
"108","1458","1"
"109","54","-1"
"109","398","-1"
"109","946","1"
"109","957","-1"
"109","1148","-1"
"109","1475","-1"
"109","1979","1"
"110","544","-1"
"110","1169","-1"
"111","485","-1"
"111","1042","1"
"111","1976","1"
"112","820","-1"
"112","1449","-1"
"113","127","-1"
"113","750","1"
"113","1172","-1"
"113","1672","1"
"113","1763","1"
"114","125","1"
"114","904","1"
"115","36","-1"
"115","131","1"
"115","211","-1"
"115","276","1"
"115","743","1"
"115","1931","-1"
"116","839","1"
"116","867","-1"
"116","1429","1"
"116","1453","1"
"117","719","1"
"117","936","-1"
"117","977","-1"
"117","1493","1"
"118","1072","-1"
"119","362","-1"
"119","778","-1"
"119","1383","1"
"120","36","-1"
"120","885","1"
"120","1008","-1"
"120","1320","-1"
"120","1444","-1"
"120","1638","-1"
"120","1654","-1"
"121","586","-1"
"121","669","1"
"121","813","-1"
"121","814","-1"
"121","1044","1"
"121","1901","-1"
"122","286","-1"
"122","378","1"
"122","751","1"
"122","1259","-1"
"123","194","-1"
"123","919","1"
"123","965","-1"
"123","1446","-1"
"123","1834","1"
"123","1871","1"
"124","408","1"
"124","1069","1"
"124","1126","1"
"124","1338","1"
"124","1778","1"
"125","130","-1"
"125","151","1"
"125","156","-1"
"125","417","-1"
"125","521","1"
"125","1155","1"
"125","1703","1"
"126","134","1"
"126","674","1"
"126","690","1"
"126","933","1"
"126","1558","-1"
"126","1769","-1"
"127","669","-1"
"127","1394","1"
"128","490","1"
"128","588","-1"
"128","981","-1"
"128","1692","1"
"128","1797","1"
"128","1888","-1"
"129","737","-1"
"129","1146","-1"
"129","1788","1"
"130","681","-1"
"130","1138","1"
"130","1142","1"
"130","1841","-1"
"131","624","-1"
"131","1159","-1"
"131","1752","1"
"131","1869","-1"
"132","57","1"
"132","179","-1"
"132","1104","1"
"133","33","-1"
"133","243","1"
"133","381","-1"
"133","674","1"
"133","1422","-1"
"133","1423","1"
"133","1933","-1"
"134","119","1"
"134","521","1"
"134","583","1"
"134","1179","-1"
"134","1846","1"
"135","100","-1"
"135","375","1"
"135","702","1"
"135","1186","-1"
"135","1525","-1"
"135","1860","1"
"136","456","-1"
"136","778","-1"
"136","1272","1"
"137","443","-1"
"137","1116","-1"
"138","727","1"
"138","1831","-1"
"139","868","-1"
"140","1214","-1"
"140","1354","-1"
"140","1607","1"
"141","133","-1"
"141","256","1"
"141","639","-1"
"141","914","-1"
"141","958","-1"
"141","1072","-1"
"141","1163","1"
"141","1379","-1"
"141","1695","1"
"142","817","1"
"142","1746","1"
"143","540","-1"
"144","956","1"
"144","1017","-1"
"145","146","1"
"145","475","1"
"145","1161","1"
"145","1251","-1"
"146","301","1"
"146","447","-1"
"146","1344","1"
"146","1551","1"
"146","1666","-1"
"147","390","1"
"147","536","-1"
"147","904","1"
"147","1478","-1"
"148","286","-1"
"148","372","-1"
"148","1427","1"
"148","1853","-1"
"149","191","-1"
"149","402","-1"
"149","780","-1"
"149","998","1"
"149","1082","-1"
"149","1154","-1"
"149","1156","-1"
"149","1568","1"
"150","554","-1"
"150","1297","1"
"150","1341","1"
"150","1642","1"
"150","1747","1"
"151","28","1"
"151","106","1"
"151","120","-1"
"151","1698","-1"
"151","1781","-1"
"152","430","-1"
"152","1561","1"
"153","7","1"
"153","1640","-1"
"153","1947","-1"
"154","370","1"
"154","1326","-1"
"154","1563","-1"
"154","1899","1"
"155","357","-1"
"155","908","-1"
"155","1279","1"
"155","1801","1"
"156","183","-1"
"156","977","-1"
"157","221","1"
"157","417","-1"
"157","864","-1"
"157","1102","1"
"157","1231","1"
"158","63","-1"
"158","1128","-1"
"158","1309","-1"
"158","1379","1"
"159","1739","-1"
"159","1957","-1"
"160","698","1"
"160","1697","-1"
"160","1837","1"
"161","459","1"
"161","1628","-1"
"161","1746","-1"
"162","1837","-1"
"163","73","-1"
"163","1064","1"
"163","1300","1"
"163","1418","1"
"163","1447","1"
"163","1629","1"
"164","1890","-1"
"165","279","-1"
"165","1695","-1"
"166","376","-1"
"166","1128","-1"
"166","1154","1"
"166","1382","-1"
"166","1834","-1"
"167","33","1"
"167","560","-1"
"167","641","-1"
"167","1272","-1"
"167","1482","-1"
"167","1808","1"
"169","42","1"
"169","125","1"
"169","191","-1"
"169","285","-1"
"169","604","-1"
"169","638","1"
"169","882","1"
"169","1630","-1"
"171","1943","1"
"172","202","-1"
"172","1817","-1"
"172","1824","-1"
"172","1909","-1"
"172","1991","1"
"173","180","-1"
"173","894","-1"
"173","1066","-1"
"173","1312","1"
"174","327","-1"
"174","486","-1"
"174","1892","-1"
"175","143","-1"
"175","514","-1"
"175","801","-1"
"175","890","-1"
"175","1502","-1"
"176","72","1"
"176","273","-1"
"176","1471","1"
"176","1910","1"
"177","95","-1"
"177","675","1"
"177","722","1"
"177","1474","-1"
"178","188","-1"
"178","375","-1"
"178","1743","1"
"178","1849","1"
"178","1863","1"
"178","1883","-1"
"179","595","-1"
"179","1508","-1"
"179","1546","-1"
"180","378","1"
"180","722","1"
"181","80","1"
"181","679","-1"
"181","780","1"
"181","921","1"
"181","1105","1"
"182","4","-1"
"182","14","-1"
"182","153","1"
"182","418","-1"
"182","816","1"
"182","1321","1"
"182","1772","1"
"183","998","1"
"184","106","-1"
"184","255","-1"
"184","530","1"
"184","596","1"
"184","1337","1"
"184","1507","1"
"184","1653","1"
"184","1941","-1"
"185","165","1"
"185","392","-1"
"185","1158","-1"
"185","1217","1"
"185","1317","1"
"185","1868","1"
"186","410","1"
"186","627","-1"
"186","1332","-1"
"186","1874","1"
"187","1022","-1"
"187","1747","-1"
"187","1831","-1"
"188","314","1"
"188","1080","-1"
"188","1234","1"
"188","1502","-1"
"189","1591","-1"
"190","68","1"
"190","336","1"
"190","1466","1"
"190","1884","-1"
"191","228","-1"
"191","1797","-1"
"191","1870","1"
"192","672","-1"
"192","990","1"
"192","1227","-1"
"193","182","1"
"193","278","1"
"193","517","-1"
"193","691","1"
"193","1208","1"
"193","1437","-1"
"193","1537","1"
"193","1682","1"
"194","147","-1"
"194","901","-1"
"195","326","-1"
"195","1052","1"
"195","1323","1"
"196","108","-1"
"196","572","1"
"196","1239","1"
"196","1517","1"
"197","49","-1"
"197","145","1"
"197","345","1"
"197","1091","1"
"197","1177","-1"
"197","1304","1"
"198","386","1"
"198","516","-1"
"198","909","-1"
"198","1148","1"
"199","1659","1"
"199","1714","1"
"200","170","1"
"200","401","1"
"201","252","1"
"201","1234","1"
"201","1396","1"
"203","185","1"
"203","596","1"
"203","1167","1"
"203","1419","-1"
"204","533","1"
"205","251","1"
"205","302","1"
"205","745","-1"
"205","1815","1"
"206","370","1"
"206","1054","-1"
"206","1393","-1"
"206","1437","1"
"207","788","1"
"207","876","1"
"207","1483","1"
"207","1652","1"
"207","1868","1"
"207","1905","1"
"207","1951","1"
"208","1233","-1"
"209","785","-1"
"209","1985","1"
"210","64","1"
"210","908","-1"
"210","1620","1"
"212","249","-1"
"212","508","1"
"212","800","1"
"212","915","1"
"212","1016","1"
"213","2","-1"
"213","252","1"
"213","286","1"
"213","945","-1"
"213","1111","1"
"213","1266","-1"
"214","519","-1"
"214","1306","-1"
"214","1665","-1"
"214","1860","1"
"215","100","1"
"215","204","1"
"215","1173","-1"
"215","1246","1"
"216","527","-1"
"217","173","1"
"217","263","1"
"217","672","1"
"217","724","-1"
"217","1310","-1"
"217","1583","1"
"218","83","-1"
"218","463","1"
"218","1190","-1"
"218","1419","-1"
"219","321","-1"
"219","553","1"
"219","1858","1"
"220","702","-1"
"221","532","1"
"221","629","1"
"221","871","1"
"221","905","1"
"222","962","-1"
"222","1600","1"
"223","655","-1"
"223","1331","-1"
"223","1433","1"
"224","745","-1"
"224","849","1"
"224","1461","1"
"224","1513","-1"
"224","1934","-1"
"225","125","-1"
"225","165","1"
"225","195","-1"
"225","1237","-1"
"225","1582","-1"
"226","435","1"
"226","1195","-1"
"227","1689","-1"
"227","1922","1"
"228","338","1"
"228","920","1"
"228","1618","1"
"229","385","1"
"229","688","-1"
"229","760","-1"
"229","965","1"
"229","1049","-1"
"229","1830","-1"
"230","371","-1"
"230","599","1"
"230","955","-1"
"230","1256","-1"
"230","1360","-1"
"230","1970","-1"
"231","175","1"
"231","436","-1"
"232","1771","-1"
"232","1928","-1"
"232","2000","-1"
"234","448","1"
"234","1871","1"
"235","101","1"
"235","340","-1"
"235","490","1"
"235","611","-1"
"235","896","-1"
"235","997","-1"
"235","1414","1"
"236","987","1"
"236","1013","1"
"236","1213","-1"
"236","1432","1"
"236","1471","1"
"236","1497","1"
"237","221","-1"
"237","709","-1"
"237","1358","1"
"238","92","1"
"238","234","1"
"238","822","1"
"238","1229","1"
"238","1818","-1"
"239","563","-1"
"239","802","1"
"239","894","-1"
"239","1057","-1"
"239","1252","-1"
"239","1310","-1"
"240","53","-1"
"240","860","-1"
"240","999","-1"
"240","1385","-1"
"240","1841","1"
"241","500","-1"
"241","1863","1"
"242","1576","-1"
"242","1651","-1"
"242","1710","1"
"243","140","1"
"243","1076","1"
"243","1083","1"
"243","1535","-1"
"243","1741","1"
"244","474","1"
"244","1837","-1"
"245","336","1"
"245","594","1"
"245","701","1"
"245","1558","-1"
"245","1660","-1"
"246","1347","-1"
"247","324","-1"
"247","392","-1"
"247","694","-1"
"247","1713","1"
"247","1856","-1"
"248","49","-1"
"248","888","-1"
"248","963","-1"
"248","1966","-1"
"249","347","1"
"249","1096","-1"
"249","1314","-1"
"249","1325","-1"
"250","44","-1"
"250","59","-1"
"250","842","-1"
"250","912","1"
"250","1214","-1"
"250","1264","1"
"250","1621","1"
"250","1649","1"
"250","1708","1"
"250","1914","-1"
"251","34","-1"
"251","272","-1"
"251","525","1"
"251","1456","-1"
"252","1448","1"
"252","1622","-1"
"253","347","-1"
"253","489","1"
"255","996","1"
"255","1131","1"
"255","1256","-1"
"255","1708","-1"
"255","1870","1"
"256","87","1"
"256","193","1"
"256","803","1"
"256","1004","1"
"256","1440","1"
"257","31","1"
"257","677","-1"
"257","721","-1"
"257","810","1"
"257","1309","-1"
"257","1661","1"
"258","165","-1"
"258","532","-1"
"259","726","-1"
"259","808","-1"
"259","906","-1"
"259","990","1"
"260","717","-1"
"260","1779","1"
"261","642","1"
"261","670","1"
"261","815","-1"
"261","1414","-1"
"262","177","-1"
"262","642","1"
"263","231","1"
"263","235","-1"
"263","884","-1"
"263","1553","1"
"264","830","-1"
"264","1031","-1"
"264","1178","-1"
"265","7","-1"
"265","55","-1"
"265","1635","-1"
"265","1792","-1"
"266","248","1"
"266","1052","1"
"266","1101","1"
"266","1133","1"
"266","1236","1"
"266","1418","-1"
"266","1823","-1"
"267","1287","1"
"267","1972","-1"
"268","304","-1"
"268","1425","-1"
"268","1926","1"
"268","1966","-1"
"269","1207","-1"
"270","10","1"
"270","1856","-1"
"271","288","1"
"272","87","-1"
"272","881","-1"
"272","948","1"
"272","1293","1"
"272","1808","1"
"273","979","1"
"273","1098","-1"
"273","1132","-1"
"273","1538","1"
"274","571","-1"
"275","594","1"
"275","816","1"
"275","1122","1"
"276","315","1"
"276","982","-1"
"276","1087","1"
"276","1124","1"
"277","144","-1"
"277","229","1"
"277","240","-1"
"277","303","1"
"277","437","-1"
"277","599","1"
"277","824","1"
"278","1188","1"
"279","439","-1"
"280","860","-1"
"280","1994","1"
"281","1194","-1"
"281","1991","1"
"282","25","-1"
"282","183","-1"
"282","212","-1"
"282","305","-1"
"283","165","1"
"283","365","1"
"283","1214","-1"
"283","1445","-1"
"283","1743","-1"
"284","4","-1"
"284","1035","1"
"284","1125","1"
"284","1355","-1"
"284","1942","1"
"285","428","-1"
"285","1399","1"
"286","380","1"
"286","419","-1"
"286","424","-1"
"286","475","1"
"286","780","1"
"286","1092","-1"
"286","1283","-1"
"286","1565","1"
"288","401","-1"
"288","849","1"
"289","15","-1"
"289","462","1"
"289","479","-1"
"289","1939","1"
"290","31","1"
"290","885","-1"
"290","908","-1"
"290","1719","-1"
"291","1295","1"
"291","1965","-1"
"291","1999","1"
"292","1012","-1"
"292","1139","1"
"293","235","1"
"293","309","-1"
"293","630","1"
"293","1568","1"
"293","1841","1"
"294","1833","-1"
"295","886","-1"
"295","1149","1"
"296","755","1"
"296","923","1"
"296","1123","-1"
"296","1166","1"
"296","1837","-1"
"297","278","-1"
"297","1207","-1"
"297","1431","-1"
"297","1474","1"
"297","1554","1"
"297","1699","1"
"298","468","-1"
"298","703","-1"
"298","1004","-1"
"298","1319","-1"
"299","806","-1"
"299","946","-1"
"299","1922","1"
"300","204","-1"
"300","644","-1"
"300","1251","1"
"300","1423","-1"
"300","1578","1"
"300","1824","-1"
"301","75","-1"
"301","317","-1"
"301","464","1"
"301","968","-1"
"302","52","-1"
"302","234","-1"
"302","608","-1"
"302","1507","-1"
"302","1963","1"
"302","1975","1"
"303","296","1"
"303","628","-1"
"303","674","1"
"303","1121","-1"
"303","1548","-1"
"304","1211","-1"
"304","1327","-1"
"305","442","1"
"305","651","1"
"305","812","1"
"305","895","-1"
"305","969","-1"
"305","1147","-1"
"305","1153","-1"
"305","1249","1"
"306","675","1"
"306","1331","1"
"306","1523","1"
"306","1734","1"
"307","282","-1"
"307","1663","-1"
"308","1001","1"
"308","1128","-1"
"308","1912","-1"
"308","1945","-1"
"309","899","1"
"309","909","1"
"309","1055","1"
"309","1335","1"
"309","1414","-1"
"310","268","1"
"310","426","-1"
"311","329","-1"
"311","912","-1"
"311","1083","-1"
"311","1273","-1"
"311","1880","1"
"311","1999","-1"
"312","76","-1"
"312","223","-1"
"312","952","1"
"312","1117","1"
"312","1460","-1"
"312","1611","-1"
"313","313","-1"
"313","1085","-1"
"313","1582","1"
"313","1746","-1"
"313","1815","1"
"314","154","-1"
"314","432","-1"
"314","634","1"
"314","696","-1"
"314","1041","-1"
"314","1110","1"
"314","1126","1"
"314","1457","1"
"314","1705","1"
"315","203","1"
"315","249","-1"
"315","932","-1"
"315","1263","1"
"315","1363","1"
"315","1771","-1"
"315","1902","-1"
"316","275","-1"
"316","1880","-1"
"317","16","1"
"317","545","1"
"317","849","1"
"317","1007","1"
"318","314","1"
"318","781","1"
"319","97","-1"
"319","783","1"
"319","991","-1"
"319","1321","-1"
"319","1666","1"
"319","1853","1"
"320","116","1"
"320","129","-1"
"320","1064","-1"
"320","1082","1"
"320","1091","-1"
"320","1752","-1"
"320","1945","-1"
"321","103","-1"
"321","341","1"
"321","398","-1"
"321","528","-1"
"321","583","1"
"321","838","-1"
"321","1346","1"
"321","1757","-1"
"322","1014","-1"
"322","1796","1"
"322","1822","1"
"322","1852","1"
"323","120","-1"
"324","288","-1"
"324","438","1"
"324","1083","1"
"325","45","1"
"325","1042","1"
"325","1119","-1"
"325","1741","1"
"326","543","1"
"326","1129","-1"
"326","1380","1"
"326","1497","-1"
"327","1145","1"
"328","542","-1"
"328","1168","1"
"328","1218","-1"
"328","1506","-1"
"328","1542","-1"
"328","1934","-1"
"329","489","1"
"329","497","-1"
"329","619","-1"
"329","1116","1"
"329","1222","1"
"330","1563","1"
"330","1882","-1"
"331","213","1"
"331","346","1"
"331","1309","1"
"331","1541","1"
"331","1556","-1"
"332","94","-1"
"332","1368","-1"
"333","147","1"
"333","578","-1"
"333","1104","-1"
"333","1236","1"
"333","1274","1"
"333","1398","-1"
"333","1927","-1"
"334","312","1"
"334","342","1"
"334","780","-1"
"334","1683","-1"
"335","570","1"
"335","707","-1"
"336","824","-1"
"336","1202","-1"
"336","1309","1"
"336","1666","1"
"337","1462","1"
"338","87","-1"
"338","496","1"
"338","1579","1"
"339","731","1"
"339","1145","1"
"339","1981","-1"
"340","316","1"
"340","503","-1"
"340","738","-1"
"340","1111","1"
"341","148","1"
"341","191","-1"
"341","491","-1"
"341","629","-1"
"341","784","-1"
"342","89","1"
"342","1118","-1"
"342","1601","-1"
"342","1985","1"
"343","114","1"
"343","177","1"
"343","245","1"
"343","721","1"
"343","1066","1"
"343","1430","-1"
"343","1457","-1"
"343","1894","-1"
"344","28","1"
"344","1138","-1"
"344","1850","1"
"345","78","-1"
"345","656","-1"
"345","1293","-1"
"345","1669","1"
"345","1752","1"
"345","1877","1"
"345","1943","-1"
"346","362","-1"
"346","519","1"
"346","533","1"
"346","842","1"
"346","1070","-1"
"346","1329","1"
"346","1936","1"
"346","1951","-1"
"347","433","-1"
"347","509","1"
"347","1446","-1"
"348","247","-1"
"348","578","1"
"348","708","-1"
"348","716","1"
"348","980","-1"
"348","1711","1"
"348","1716","1"
"348","1723","1"
"349","1382","1"
"350","622","1"
"351","374","1"
"352","263","1"
"352","1191","-1"
"352","1251","1"
"353","519","-1"
"353","1182","1"
"354","318","1"
"354","337","-1"
"354","583","-1"
"354","1532","-1"
"355","203","-1"
"355","1324","-1"
"356","278","1"
"356","558","-1"
"356","1186","-1"
"357","530","1"
"357","1048","-1"
"357","1109","-1"
"357","1185","-1"
"357","1692","-1"
"357","1966","-1"
"358","273","-1"
"358","416","-1"
"358","1246","-1"
"358","1894","-1"
"359","229","1"
"359","1515","1"
"360","18","1"
"360","92","1"
"360","156","-1"
"360","333","-1"
"360","851","-1"
"360","1277","-1"
"360","1798","1"
"361","51","1"
"361","1547","1"
"361","1611","-1"
"361","1797","1"
"362","1289","-1"
"362","1715","1"
"363","152","-1"
"363","344","1"
"364","987","-1"
"364","1913","1"
"365","272","1"
"365","595","1"
"365","1820","1"
"366","1593","-1"
"367","408","1"
"367","742","1"
"367","1048","1"
"368","470","1"
"368","508","-1"
"368","527","1"
"368","1070","-1"
"368","1834","-1"
"368","1949","-1"
"369","622","1"
"369","635","-1"
"369","1115","-1"
"370","878","1"
"370","1461","1"
"370","1899","1"
"371","585","-1"
"371","669","1"
"371","1191","1"
"371","1275","1"
"371","1381","-1"
"372","104","1"
"372","279","1"
"372","540","1"
"372","951","1"
"372","1960","-1"
"373","1366","1"
"373","1979","1"
"374","411","1"
"374","479","1"
"375","1029","1"
"376","1863","-1"
"377","1153","-1"
"377","1260","1"
"377","1583","-1"
"378","78","-1"
"378","1730","-1"
"378","1893","-1"
"379","180","1"
"379","466","-1"
"379","1411","1"
"380","649","1"
"380","1269","-1"
"380","1841","-1"
"381","65","1"
"381","198","-1"
"381","935","-1"
"381","954","-1"
"381","1887","1"
"382","66","-1"
"382","197","-1"
"382","765","-1"
"382","992","-1"
"382","1086","1"
"382","1469","1"
"383","1230","-1"
"383","1469","1"
"384","74","-1"
"384","397","1"
"384","414","1"
"384","631","1"
"384","1444","-1"
"384","1450","1"
"384","1822","1"
"385","761","1"
"385","1505","1"
"385","1649","1"
"386","255","-1"
"386","286","1"
"386","340","-1"
"386","690","-1"
"386","808","-1"
"386","1741","-1"
"387","10","1"
"387","400","1"
"387","1216","-1"
"387","1270","-1"
"387","1511","1"
"388","145","-1"
"388","1450","1"
"388","1989","1"
"389","82","-1"
"389","340","1"
"389","956","1"
"389","1370","-1"
"389","1996","-1"
"390","583","1"
"390","1437","-1"
"390","1594","1"
"391","526","-1"
"391","628","-1"
"391","665","-1"
"391","862","-1"
"392","1410","-1"
"392","1711","-1"
"392","1996","-1"
"393","794","-1"
"393","1094","1"
"394","1097","-1"
"394","1388","1"
"395","930","1"
"395","940","-1"
"395","1022","-1"
"395","1110","-1"
"395","1168","1"
"395","1394","1"
"395","1606","1"
"395","1848","1"
"396","984","-1"
"396","1622","1"
"397","444","1"
"397","772","1"
"398","336","-1"
"398","958","-1"
"398","993","-1"
"398","1569","1"
"398","1754","1"
"399","111","-1"
"399","789","1"
"399","853","1"
"399","1345","-1"
"399","1562","1"
"399","1671","1"
"399","1786","-1"
"400","89","-1"
"400","373","1"
"400","634","1"
"400","694","1"
"400","1999","1"
"401","471","1"
"401","731","1"
"401","1372","-1"
"402","452","1"
"402","1984","-1"
"403","962","-1"
"403","1376","-1"
"404","329","1"
"404","685","1"
"404","919","-1"
"404","996","-1"
"404","1342","-1"
"404","1980","1"
"405","1933","1"
"406","70","1"
"406","121","-1"
"406","133","-1"
"406","345","1"
"406","631","-1"
"406","771","1"
"406","1187","1"
"406","1851","-1"
"406","1873","1"
"407","29","-1"
"407","57","-1"
"407","127","1"
"407","298","1"
"407","516","1"
"407","978","1"
"407","1684","1"
"407","1817","-1"
"408","175","-1"
"408","532","1"
"408","1217","-1"
"408","1289","-1"
"408","1505","-1"
"408","1717","-1"
"408","1882","1"
"409","1420","1"
"409","1744","-1"
"409","1994","-1"
"410","462","1"
"410","1001","-1"
"410","1377","-1"
"411","332","-1"
"411","488","-1"
"411","621","-1"
"411","985","-1"
"411","1033","1"
"412","695","-1"
"412","1639","-1"
"413","140","1"
"413","1285","-1"
"414","717","1"
"414","723","1"
"414","972","1"
"414","1354","-1"
"414","1822","-1"
"414","1840","-1"
"415","279","-1"
"415","280","1"
"415","1267","1"
"415","1379","-1"
"415","1461","-1"
"416","94","1"
"416","95","-1"
"416","908","-1"
"416","1186","-1"
"416","1572","1"
"416","1888","1"
"417","435","1"
"417","664","1"
"417","702","-1"
"417","710","1"
"417","730","-1"
"417","1450","1"
"418","746","1"
"418","1334","-1"
"419","231","1"
"419","284","-1"
"419","621","-1"
"419","1371","-1"
"419","1658","1"
"419","1748","-1"
"419","1980","-1"
"420","1096","-1"
"420","1503","1"
"420","1677","1"
"421","146","1"
"421","229","-1"
"421","480","1"
"421","1741","-1"
"421","1849","-1"
"422","1016","1"
"422","1640","-1"
"423","1158","1"
"423","1399","1"
"423","1482","-1"
"423","1932","-1"
"424","231","1"
"424","1980","-1"
"425","403","1"
"425","481","-1"
"426","891","-1"
"427","101","1"
"427","605","1"
"427","1365","1"
"427","1831","-1"
"427","1965","1"
"428","358","-1"
"428","621","-1"
"428","625","-1"
"428","845","1"
"428","1458","-1"
"428","1899","1"
"429","537","-1"
"429","859","1"
"429","1645","1"
"429","1679","1"
"430","846","1"
"430","937","-1"
"430","1221","1"
"431","373","1"
"431","758","1"
"431","1416","1"
"431","1527","-1"
"431","1827","-1"
"432","1422","-1"
"432","1870","1"
"433","384","1"
"433","587","-1"
"433","721","-1"
"433","956","-1"
"433","1988","1"
"434","1669","1"
"435","61","-1"
"435","564","1"
"435","1446","-1"
"435","1736","1"
"436","46","-1"
"436","102","1"
"436","576","1"
"436","646","1"
"436","746","1"
"437","1197","-1"
"437","1333","-1"
"438","95","-1"
"438","785","1"
"438","971","1"
"438","1444","-1"
"438","1916","-1"
"439","28","1"
"439","873","1"
"440","267","-1"
"440","424","-1"
"440","989","1"
"440","1574","1"
"440","1882","1"
"441","1604","-1"
"442","1566","-1"
"443","461","1"
"443","547","1"
"443","1024","-1"
"443","1571","1"
"443","1712","-1"
"443","1814","-1"
"444","233","-1"
"444","1693","-1"
"445","410","-1"
"445","1646","1"
"445","1762","-1"
"445","1985","1"
"447","730","1"
"447","825","1"
"447","924","-1"
"447","1060","1"
"447","1609","-1"
"448","219","-1"
"448","538","1"
"448","567","-1"
"448","587","-1"
"448","701","-1"
"448","744","-1"
"448","1036","-1"
"448","1524","-1"
"449","37","1"
"449","557","1"
"449","946","1"
"449","1526","1"
"449","1776","1"
"449","1913","1"
"450","137","1"
"450","569","1"
"450","582","1"
"450","601","-1"
"451","50","-1"
"451","54","1"
"451","286","-1"
"451","1850","1"
"451","1906","1"
"452","344","1"
"452","819","1"
"452","883","-1"
"452","1107","1"
"453","860","1"
"453","1063","1"
"453","1233","1"
"453","1288","1"
"453","1677","-1"
"454","321","-1"
"454","584","-1"
"454","1588","-1"
"455","275","1"
"456","369","1"
"456","1610","-1"
"457","1014","-1"
"457","1682","-1"
"458","38","-1"
"458","578","-1"
"459","55","-1"
"459","293","1"
"459","1517","1"
"460","99","-1"
"460","146","-1"
"460","557","-1"
"460","975","1"
"460","1365","1"
"461","1739","1"
"461","1787","1"
"461","1942","1"
"461","1989","1"
"462","1207","1"
"463","514","1"
"463","973","1"
"463","1209","1"
"463","1602","-1"
"464","154","1"
"464","1546","-1"
"465","16","1"
"465","400","-1"
"465","1251","-1"
"465","1288","-1"
"465","1518","-1"
"465","1690","-1"
"465","1889","-1"
"466","107","1"
"466","666","1"
"466","784","1"
"466","1028","1"
"466","1504","1"
"466","1844","1"
"467","222","-1"
"467","1583","1"
"468","154","-1"
"468","680","1"
"468","1600","1"
"469","744","1"
"469","825","-1"
"469","1082","1"
"469","1087","1"
"469","1422","1"
"470","320","-1"
"470","536","1"
"470","719","1"
"470","1005","1"
"470","1057","1"
"470","1208","1"
"470","1267","-1"
"470","1520","-1"
"470","1725","1"
"471","384","1"
"471","783","1"
"471","927","-1"
"471","1786","-1"
"472","95","-1"
"472","145","-1"
"472","483","1"
"472","576","-1"
"472","1298","1"
"472","1325","-1"
"472","1654","1"
"472","1718","1"
"473","1142","1"
"473","1245","1"
"474","1455","1"
"474","1616","-1"
"474","1774","-1"
"475","1261","1"
"475","1977","1"
"476","50","-1"
"476","380","1"
"476","1972","1"
"477","714","-1"
"477","1557","-1"
"477","1763","-1"
"477","1973","1"
"478","19","-1"
"478","921","-1"
"479","20","1"
"479","496","1"
"480","870","1"
"480","1214","1"
"481","716","1"
"481","1321","-1"
"481","1326","-1"
"481","1638","-1"
"481","1744","1"
"481","1997","1"
"482","849","-1"
"482","1009","1"
"482","1099","1"
"482","1840","-1"
"483","650","1"
"483","880","1"
"483","1547","1"
"483","1782","1"
"484","121","1"
"484","1103","1"
"484","1389","-1"
"485","579","-1"
"485","1003","-1"
"485","1295","-1"
"485","1797","-1"
"486","1376","1"
"486","1978","-1"
"487","496","1"
"487","1120","-1"
"487","1513","-1"
"488","613","1"
"488","1643","1"
"488","1962","1"
"489","577","1"
"489","1200","-1"
"489","1236","1"
"489","1716","-1"
"489","1820","1"
"490","428","1"
"490","786","-1"
"490","1025","-1"
"490","1084","-1"
"490","1428","-1"
"490","1603","1"
"490","1615","-1"
"491","142","-1"
"491","546","-1"
"491","1771","-1"
"492","279","-1"
"492","986","1"
"492","1001","1"
"492","1141","1"
"492","1725","-1"
"492","1747","1"
"493","1729","-1"
"494","258","1"
"494","712","-1"
"495","60","1"
"495","708","1"
"495","1461","1"
"496","401","-1"
"496","524","-1"
"497","415","-1"
"497","891","1"
"497","1017","-1"
"497","1085","-1"
"497","1613","1"
"497","1890","1"
"497","1909","-1"
"497","1966","-1"
"498","674","-1"
"498","1223","1"
"498","1787","-1"
"499","89","-1"
"499","693","1"
"499","1381","-1"
"499","1434","1"
"500","1308","1"
"501","593","-1"
"501","795","1"
"501","1054","1"
"502","393","1"
"502","830","1"
"502","865","-1"
"502","1292","-1"
"502","1716","-1"
"502","1864","1"
"503","1","-1"
"503","1314","-1"
"503","1926","-1"
"503","1995","1"
"504","455","1"
"504","598","1"
"505","391","-1"
"505","1631","1"
"505","1783","1"
"505","1985","1"
"506","487","1"
"506","860","-1"
"506","868","1"
"506","1024","1"
"506","1448","1"
"507","1377","-1"
"507","1656","-1"
"508","311","1"
"508","562","-1"
"508","748","-1"
"508","787","-1"
"508","1288","-1"
"509","522","1"
"509","645","-1"
"509","1092","-1"
"509","1553","-1"
"510","1025","-1"
"510","1351","-1"
"511","450","1"
"511","756","-1"
"511","1276","-1"
"511","1610","1"
"512","1642","1"
"513","148","-1"
"513","326","-1"
"513","1276","-1"
"513","1414","1"
"513","1469","1"
"514","748","1"
"514","1743","1"
"515","573","-1"
"515","1689","1"
"516","187","1"
"516","290","-1"
"516","728","1"
"516","1041","1"
"516","1537","1"
"516","1564","-1"
"516","1856","1"
"517","16","-1"
"517","32","-1"
"517","139","-1"
"517","155","1"
"517","476","-1"
"517","1542","1"
"518","75","1"
"518","922","-1"
"518","1011","1"
"518","1836","1"
"518","1955","-1"
"519","444","-1"
"519","878","1"
"519","1566","1"
"520","952","1"
"520","1412","1"
"520","1413","-1"
"520","1614","1"
"521","251","1"
"521","384","-1"
"521","716","1"
"521","1254","1"
"522","587","1"
"522","728","1"
"522","978","-1"
"522","1021","-1"
"522","1416","1"
"522","1941","-1"
"523","63","-1"
"523","1303","-1"
"523","1601","1"
"523","1953","1"
"524","329","-1"
"524","1544","1"
"524","1820","-1"
"525","78","-1"
"525","290","1"
"525","453","1"
"525","538","1"
"526","365","1"
"526","1268","-1"
"526","1718","-1"
"527","183","-1"
"527","271","1"
"527","584","-1"
"527","606","-1"
"527","778","1"
"527","1073","-1"
"527","1687","-1"
"527","1790","-1"
"528","197","-1"
"528","268","1"
"528","854","-1"
"528","1421","-1"
"528","1560","1"
"528","1823","1"
"529","541","-1"
"531","138","-1"
"531","1714","1"
"531","1721","1"
"532","189","1"
"533","32","-1"
"533","232","1"
"533","838","1"
"533","1868","1"
"534","886","-1"
"534","969","-1"
"534","1638","1"
"534","1869","1"
"535","94","1"
"535","701","1"
"535","1812","-1"
"536","815","1"
"536","1242","-1"
"536","1518","1"
"537","149","1"
"537","1460","1"
"538","267","-1"
"538","448","-1"
"538","785","1"
"538","985","1"
"538","1373","-1"
"538","1785","1"
"539","110","-1"
"539","594","-1"
"539","1112","-1"
"539","1522","1"
"539","1545","-1"
"540","256","1"
"540","1469","1"
"540","1714","1"
"541","1571","-1"
"541","1681","-1"
"542","820","-1"
"542","1172","1"
"542","1385","-1"
"542","1395","1"
"542","1490","1"
"542","1837","1"
"542","1853","1"
"543","467","1"
"543","1985","1"
"544","273","-1"
"544","1053","1"
"544","1136","-1"
"544","1699","-1"
"545","429","1"
"545","1130","-1"
"545","1155","1"
"545","1338","-1"
"545","1407","1"
"546","189","1"
"546","744","1"
"546","1501","1"
"547","1","-1"
"547","275","1"
"547","1438","1"
"547","1819","1"
"547","1851","1"
"548","34","1"
"548","320","-1"
"548","1204","-1"
"548","1351","-1"
"549","543","-1"
"549","562","-1"
"549","774","-1"
"549","1152","1"
"549","1958","1"
"550","423","-1"
"550","837","-1"
"550","1908","1"
"551","162","1"
"551","450","1"
"551","1379","-1"
"551","1699","1"
"552","1911","1"
"553","448","1"
"553","771","1"
"553","1078","-1"
"553","1981","1"
"553","2000","1"
"554","901","1"
"554","1645","1"
"555","11","-1"
"555","364","1"
"555","643","-1"
"555","1060","-1"
"555","1301","-1"
"556","1232","1"
"556","1471","1"
"557","183","1"
"557","1306","-1"
"557","1328","-1"
"557","1829","1"
"558","1447","-1"
"558","1883","-1"
"560","539","1"
"560","933","1"
"560","1252","1"
"561","307","1"
"561","811","1"
"561","1871","1"
"562","897","1"
"563","257","-1"
"563","933","-1"
"564","63","1"
"564","1466","-1"
"565","89","-1"
"565","759","1"
"565","1475","1"
"566","1419","1"
"566","1547","1"
"566","1631","1"
"567","1593","1"
"568","249","1"
"568","344","-1"
"568","1072","-1"
"568","1511","1"
"568","1645","1"
"569","90","-1"
"569","723","-1"
"570","470","-1"
"570","1398","1"
"572","325","-1"
"572","857","1"
"572","955","-1"
"572","1341","1"
"572","1745","-1"
"573","239","1"
"573","391","-1"
"573","1230","1"
"573","1664","1"
"574","215","1"
"574","715","1"
"574","934","-1"
"574","952","-1"
"574","1357","-1"
"574","1408","-1"
"574","1893","-1"
"575","53","1"
"575","127","1"
"575","631","-1"
"575","1070","-1"
"575","1334","-1"
"575","1745","1"
"576","309","-1"
"576","560","-1"
"576","562","-1"
"576","648","-1"
"576","785","1"
"576","1826","1"
"577","437","1"
"577","455","-1"
"577","952","1"
"577","1783","1"
"578","16","-1"
"578","300","-1"
"578","870","1"
"578","915","1"
"578","1179","-1"
"578","1188","-1"
"579","69","1"
"579","277","1"
"579","339","1"
"579","795","-1"
"579","1444","1"
"579","1964","1"
"580","371","-1"
"580","1122","1"
"581","672","1"
"581","1056","1"
"581","1358","-1"
"582","165","1"
"582","753","1"
"582","1016","1"
"582","1253","-1"
"582","1797","1"
"583","109","1"
"583","224","1"
"583","1026","1"
"583","1412","1"
"583","1541","-1"
"584","284","-1"
"584","513","-1"
"584","1406","1"
"584","1565","-1"
"584","1617","-1"
"585","268","-1"
"585","879","-1"
"585","1249","1"
"585","1995","1"
"586","137","-1"
"587","616","-1"
"587","920","1"
"587","1093","-1"
"587","1236","-1"
"587","1456","-1"
"587","1603","1"
"588","97","1"
"588","1197","1"
"589","363","1"
"589","884","-1"
"589","906","-1"
"589","1042","-1"
"589","1303","-1"
"589","1444","1"
"589","1688","-1"
"590","258","-1"
"590","361","1"
"590","1994","-1"
"591","250","1"
"591","426","-1"
"591","640","-1"
"591","708","-1"
"591","1279","-1"
"592","276","-1"
"592","567","-1"
"592","585","-1"
"592","914","1"
"592","1411","1"
"594","35","1"
"594","240","-1"
"594","947","1"
"594","1193","1"
"594","1387","-1"
"594","1868","1"
"595","50","1"
"595","91","-1"
"595","604","1"
"595","885","-1"
"595","1017","-1"
"595","1463","-1"
"596","703","1"
"597","641","1"
"597","1283","-1"
"597","1331","-1"
"597","1843","1"
"598","183","-1"
"598","1559","-1"
"598","1743","-1"
"599","986","-1"
"600","61","-1"
"600","315","1"
"600","685","1"
"600","1036","-1"
"600","1379","-1"
"600","1411","1"
"600","1526","-1"
"601","929","-1"
"602","207","1"
"602","467","1"
"602","609","-1"
"602","765","-1"
"602","1644","1"
"602","1735","1"
"603","744","-1"
"603","1257","1"
"603","1791","-1"
"604","326","1"
"604","977","-1"
"605","332","-1"
"605","792","1"
"605","1035","1"
"605","1213","1"
"605","1262","1"
"605","1702","-1"
"605","1766","1"
"606","683","-1"
"606","1213","1"
"606","1562","-1"
"606","1907","-1"
"607","469","-1"
"607","1304","1"
"608","575","-1"
"608","922","1"
"608","1682","-1"
"608","1879","1"
"609","803","1"
"609","1296","-1"
"610","9","-1"
"610","173","1"
"610","183","-1"
"610","1025","1"
"610","1533","-1"
"611","445","-1"
"611","496","-1"
"611","780","1"
"611","1065","1"
"611","1489","-1"
"612","862","1"
"612","1217","-1"
"612","1426","-1"
"612","1583","1"
"612","1961","-1"
"613","809","1"
"613","1642","-1"
"614","605","1"
"614","838","1"
"614","857","-1"
"614","1259","1"
"614","1649","-1"
"614","1806","-1"
"614","1913","-1"
"615","1371","-1"
"616","738","-1"
"617","959","-1"
"617","1186","-1"
"617","1359","1"
"618","288","-1"
"618","591","1"
"618","1031","-1"
"618","1439","-1"
"618","1482","-1"
"618","1754","1"
"619","200","1"
"619","581","1"
"619","939","-1"
"619","1404","1"
"620","108","1"
"620","161","1"
"620","866","-1"
"620","1724","-1"
"621","400","1"
"622","338","-1"
"622","343","1"
"622","350","-1"
"622","1242","1"
"622","1328","-1"
"622","1473","-1"
"623","19","-1"
"623","37","-1"
"623","68","1"
"623","172","1"
"623","433","-1"
"623","952","1"
"623","988","-1"
"623","1311","-1"
"623","1968","-1"
"624","830","-1"
"624","1665","-1"
"624","1976","1"
"625","173","-1"
"625","469","1"
"625","714","1"
"625","942","1"
"626","77","-1"
"626","391","-1"
"626","409","1"
"626","658","-1"
"626","1477","-1"
"627","310","1"
"627","427","1"
"627","691","1"
"627","1779","1"
"627","1935","-1"
"628","827","-1"
"629","42","1"
"629","212","1"
"629","960","-1"
"629","977","-1"
"629","1636","-1"
"629","1940","1"
"630","198","-1"
"630","382","1"
"630","565","-1"
"630","1044","-1"
"630","1587","1"
"630","1911","-1"
"631","888","1"
"631","1870","-1"
"632","159","1"
"632","1231","-1"
"632","1293","1"
"633","457","1"
"633","575","1"
"633","943","1"
"633","1628","-1"
"634","226","1"
"634","349","-1"
"634","540","1"
"634","634","-1"
"634","764","-1"
"635","27","1"
"635","91","1"
"635","227","-1"
"635","1089","1"
"635","1535","-1"
"636","1565","1"
"636","1679","1"
"636","1727","-1"
"637","568","1"
"637","1199","1"
"637","1838","-1"
"637","1885","1"
"638","200","1"
"638","250","1"
"638","471","1"
"638","480","1"
"638","1264","1"
"638","1687","-1"
"638","1906","1"
"639","469","-1"
"639","587","-1"
"639","1488","1"
"640","158","1"
"640","289","1"
"640","432","-1"
"640","737","1"
"640","1186","-1"
"640","1768","-1"
"641","763","1"
"641","1713","-1"
"642","519","1"
"642","1941","1"
"643","91","-1"
"643","359","1"
"643","1499","1"
"643","1923","1"
"644","168","-1"
"644","345","-1"
"644","803","-1"
"644","1216","1"
"644","1409","-1"
"645","136","1"
"645","509","-1"
"645","627","-1"
"645","1219","-1"
"645","1381","-1"
"646","33","1"
"646","503","-1"
"646","979","1"
"646","1445","-1"
"647","738","-1"
"648","285","1"
"648","636","-1"
"648","1059","1"
"649","636","1"
"649","782","-1"
"650","122","1"
"650","403","-1"
"650","548","-1"
"650","763","-1"
"651","235","-1"
"651","371","-1"
"651","1214","-1"
"651","1598","-1"
"651","1824","-1"
"652","646","-1"
"652","905","-1"
"652","1821","1"
"653","408","1"
"653","629","-1"
"653","730","1"
"653","818","-1"
"653","901","-1"
"653","1770","-1"
"654","13","-1"
"654","233","1"
"654","504","1"
"654","1108","-1"
"654","1211","-1"
"655","867","1"
"655","1570","-1"
"656","14","1"
"656","159","-1"
"656","839","-1"
"656","1821","1"
"657","1359","1"
"657","1610","1"
"657","1961","-1"
"658","767","1"
"658","1196","-1"
"659","804","1"
"659","1291","-1"
"660","66","1"
"660","373","1"
"660","483","1"
"661","240","1"
"661","1179","-1"
"661","1269","1"
"662","42","1"
"662","412","-1"
"662","425","-1"
"662","445","-1"
"662","583","-1"
"662","780","-1"
"662","1103","1"
"662","1206","1"
"662","1315","1"
"662","1973","-1"
"663","90","1"
"663","447","-1"
"663","1222","1"
"663","1611","-1"
"664","103","1"
"664","1136","-1"
"664","1233","1"
"665","749","-1"
"665","1008","-1"
"665","1472","-1"
"666","77","1"
"666","293","-1"
"666","590","1"
"666","606","-1"
"666","1288","-1"
"666","1489","1"
"666","1642","1"
"667","31","1"
"667","515","-1"
"667","562","1"
"667","619","-1"
"667","728","-1"
"668","56","-1"
"668","163","1"
"668","583","-1"
"668","1238","1"
"668","1894","-1"
"669","1326","1"
"670","15","-1"
"670","133","-1"
"670","914","-1"
"670","1201","1"
"670","1737","1"
"671","370","-1"
"671","1114","1"
"671","1550","1"
"672","7","-1"
"672","80","-1"
"672","106","-1"
"672","774","1"
"672","1789","1"
"672","1871","1"
"673","1051","-1"
"673","1654","-1"
"674","132","-1"
"674","1029","1"
"674","1333","-1"
"675","83","-1"
"675","260","-1"
"675","415","-1"
"675","568","-1"
"675","968","1"
"675","1847","-1"
"676","391","1"
"676","880","1"
"676","1285","-1"
"677","73","-1"
"677","334","1"
"677","612","1"
"677","658","-1"
"677","805","-1"
"677","1194","-1"
"678","1844","-1"
"678","1931","-1"
"678","1960","-1"
"679","147","-1"
"679","517","-1"
"679","570","-1"
"679","594","-1"
"679","1390","1"
"679","1723","-1"
"680","233","-1"
"680","483","1"
"680","748","1"
"681","413","1"
"681","429","-1"
"681","1447","1"
"681","1802","1"
"682","1156","-1"
"682","1377","-1"
"682","1763","1"
"682","1873","-1"
"682","1995","-1"
"683","312","1"
"683","756","-1"
"683","1764","-1"
"683","1874","1"
"684","65","1"
"684","861","-1"
"684","983","-1"
"684","1168","-1"
"684","1197","-1"
"684","1668","-1"
"684","1808","1"
"685","566","-1"
"685","717","-1"
"685","1128","-1"
"685","1139","-1"
"685","1989","-1"
"686","385","-1"
"686","1027","1"
"686","1067","1"
"686","1379","1"
"686","1396","-1"
"686","1819","-1"
"687","295","1"
"687","405","-1"
"688","216","1"
"688","1206","1"
"688","1443","-1"
"688","1492","1"
"688","1742","1"
"689","535","-1"
"689","641","-1"
"689","1040","-1"
"689","1179","1"
"690","638","-1"
"690","1429","-1"
"691","443","1"
"691","1165","-1"
"691","1893","-1"
"692","304","1"
"692","889","1"
"692","1060","1"
"692","1393","-1"
"692","1863","-1"
"693","142","-1"
"693","1451","1"
"693","1555","1"
"693","1855","1"
"695","618","-1"
"695","842","1"
"695","851","1"
"695","1094","-1"
"695","1106","-1"
"695","1800","-1"
"695","1899","1"
"695","1917","-1"
"695","1992","-1"
"696","1016","1"
"696","1943","-1"
"697","381","1"
"697","851","1"
"697","1849","1"
"698","783","-1"
"698","991","1"
"698","1569","1"
"698","1774","-1"
"699","200","1"
"699","1490","1"
"700","888","1"
"700","1495","-1"
"700","1805","1"
"701","1395","1"
"701","1831","1"
"701","1889","1"
"702","8","-1"
"702","113","1"
"702","115","1"
"702","569","-1"
"702","1254","-1"
"702","1930","1"
"703","13","1"
"703","464","1"
"703","653","-1"
"703","889","-1"
"703","1458","-1"
"703","1927","-1"
"703","1955","-1"
"704","405","-1"
"704","1186","1"
"705","832","1"
"705","1206","1"
"705","1619","1"
"706","103","1"
"706","617","-1"
"706","1290","-1"
"706","1558","-1"
"706","1613","1"
"706","1634","-1"
"707","180","1"
"707","431","-1"
"707","1740","-1"
"708","190","1"
"708","626","-1"
"708","735","1"
"708","1524","-1"
"708","1583","1"
"708","1813","1"
"709","1136","-1"
"709","1724","-1"
"709","1915","-1"
"710","538","-1"
"710","981","-1"
"710","1278","1"
"710","1556","-1"
"710","1997","-1"
"711","46","1"
"711","1453","1"
"712","44","-1"
"712","324","1"
"712","445","1"
"713","9","-1"
"713","891","1"
"713","913","-1"
"713","1602","-1"
"713","1962","1"
"714","658","-1"
"714","1624","-1"
"714","1822","-1"
"715","147","1"
"715","243","-1"
"715","268","1"
"715","382","1"
"715","705","1"
"715","769","-1"
"715","1941","-1"
"716","595","-1"
"716","1563","-1"
"717","63","-1"
"717","480","-1"
"717","854","1"
"717","972","1"
"717","1564","-1"
"717","1661","-1"
"718","1328","-1"
"718","1336","-1"
"719","46","-1"
"719","341","1"
"719","401","-1"
"719","1240","-1"
"719","1494","1"
"720","1503","-1"
"720","1580","-1"
"720","1819","-1"
"721","452","1"
"721","1023","1"
"721","1273","-1"
"722","62","1"
"722","1142","1"
"722","1880","-1"
"723","545","-1"
"723","987","1"
"723","1601","-1"
"724","300","-1"
"724","460","1"
"724","1258","-1"
"724","1275","1"
"724","1354","1"
"725","93","1"
"725","666","1"
"725","725","-1"
"725","843","-1"
"725","1952","1"
"726","824","-1"
"726","864","-1"
"726","1231","-1"
"726","1741","-1"
"727","361","-1"
"727","1289","1"
"727","1818","-1"
"728","109","-1"
"728","1008","-1"
"728","1190","1"
"728","1808","1"
"729","718","-1"
"729","888","-1"
"729","949","-1"
"730","338","-1"
"731","83","1"
"731","1465","-1"
"731","1839","-1"
"732","225","1"
"732","1922","-1"
"733","442","-1"
"733","730","1"
"733","1828","1"
"734","74","1"
"734","1482","1"
"735","130","1"
"735","182","1"
"735","558","-1"
"736","768","-1"
"736","1502","1"
"736","1863","-1"
"737","292","1"
"737","529","-1"
"737","1265","1"
"737","1943","-1"
"738","205","1"
"738","1389","-1"
"738","1865","-1"
"739","28","-1"
"739","1300","1"
"739","1602","-1"
"739","1625","1"
"739","1775","-1"
"740","441","-1"
"740","609","-1"
"740","713","-1"
"741","59","-1"
"741","313","-1"
"741","369","-1"
"741","396","1"
"741","792","-1"
"741","1827","1"
"742","186","1"
"742","358","1"
"742","510","-1"
"742","1196","-1"
"742","1365","1"
"743","1087","-1"
"743","1891","1"
"744","611","-1"
"744","1333","-1"
"745","450","1"
"745","915","-1"
"745","1049","-1"
"745","1493","1"
"746","283","-1"
"746","830","-1"
"746","1087","-1"
"746","1304","-1"
"746","1862","1"
"747","47","1"
"747","93","1"
"747","155","1"
"747","498","1"
"748","73","-1"
"748","153","1"
"748","188","-1"
"748","1383","1"
"749","115","-1"
"749","518","1"
"749","1636","1"
"749","1740","-1"
"750","755","-1"
"750","1487","1"
"750","1622","-1"
"750","1679","-1"
"750","1846","1"
"750","1905","-1"
"751","428","-1"
"751","1230","-1"
"751","1676","1"
"751","1727","-1"
"752","68","1"
"752","273","1"
"752","276","-1"
"752","1098","1"
"753","93","1"
"753","676","-1"
"754","1519","1"
"754","1616","1"
"755","951","1"
"755","1190","-1"
"755","1269","1"
"755","1318","-1"
"755","1335","1"
"755","1730","-1"
"756","850","-1"
"756","919","1"
"756","1431","1"
"757","52","1"
"757","682","-1"
"757","859","1"
"757","863","-1"
"757","1470","-1"
"757","1596","1"
"758","296","-1"
"758","1330","-1"
"758","1563","1"
"758","1951","-1"
"759","7","1"
"759","381","1"
"759","794","1"
"759","1988","1"
"760","105","-1"
"760","436","1"
"760","1209","-1"
"760","1813","-1"
"761","82","1"
"761","83","-1"
"762","384","1"
"762","779","1"
"762","878","-1"
"762","886","1"
"762","1020","-1"
"762","1087","-1"
"762","1222","1"
"762","1225","-1"
"762","1487","-1"
"762","1793","1"
"763","1305","1"
"763","1438","-1"
"763","1447","1"
"763","1668","-1"
"763","1985","-1"
"764","73","1"
"764","413","1"
"764","1547","1"
"764","1841","-1"
"765","276","-1"
"765","478","-1"
"765","1327","-1"
"765","1441","-1"
"765","1519","1"
"765","1538","1"
"766","651","1"
"766","735","1"
"767","153","1"
"767","446","1"
"767","872","1"
"767","1573","1"
"767","1776","-1"
"768","39","1"
"768","205","1"
"768","365","-1"
"768","424","1"
"768","908","1"
"769","828","-1"
"769","1039","-1"
"769","1247","-1"
"770","719","-1"
"770","743","1"
"770","1777","-1"
"770","1849","1"
"771","1377","-1"
"772","173","-1"
"772","586","-1"
"772","632","-1"
"772","1875","-1"
"772","1902","1"
"773","998","1"
"773","1423","-1"
"773","1431","1"
"773","1693","-1"
"773","1947","1"
"774","552","-1"
"774","871","-1"
"775","788","1"
"776","106","-1"
"776","941","1"
"776","1160","-1"
"776","1184","1"
"776","1277","1"
"776","1461","1"
"776","1473","-1"
"776","1584","-1"
"776","1903","-1"
"777","339","-1"
"777","381","-1"
"777","437","1"
"777","1471","1"
"778","774","-1"
"778","981","-1"
"778","1451","-1"
"778","1614","-1"
"778","1981","1"
"779","250","1"
"779","325","1"
"779","550","1"
"779","1427","1"
"779","1551","1"
"779","1917","1"
"780","356","-1"
"780","465","1"
"780","806","-1"
"780","1462","-1"
"780","1784","1"
"781","156","1"
"781","441","-1"
"781","835","1"
"781","1040","1"
"781","1145","1"
"781","1199","-1"
"781","1734","-1"
"782","311","1"
"782","316","-1"
"782","1453","1"
"782","1837","1"
"782","1890","-1"
"782","1950","1"
"783","1503","-1"
"783","1591","-1"
"783","1603","1"
"783","1707","-1"
"784","242","-1"
"784","465","1"
"784","1817","1"
"785","1247","1"
"785","1372","-1"
"786","1078","-1"
"786","1409","-1"
"787","78","-1"
"788","1644","-1"
"788","1675","-1"
"788","1976","-1"
"789","278","-1"
"789","303","-1"
"789","685","1"
"789","895","1"
"789","1342","1"
"789","1543","-1"
"790","910","-1"
"790","1593","1"
"790","1674","-1"
"790","1777","1"
"791","1446","1"
"793","84","-1"
"793","1072","1"
"793","1141","1"
"794","182","-1"
"794","1355","-1"
"794","1773","-1"
"794","1885","-1"
"795","190","-1"
"795","454","-1"
"795","1158","1"
"795","1496","1"
"795","1752","-1"
"796","114","-1"
"796","1173","-1"
"796","1238","1"
"796","1971","1"
"797","310","1"
"797","1804","-1"
"798","26","1"
"798","284","1"
"798","489","-1"
"798","756","-1"
"798","823","1"
"798","1522","-1"
"799","1012","-1"
"800","226","-1"
"801","183","1"
"801","232","-1"
"801","1192","-1"
"801","1647","1"
"801","1654","1"
"801","1832","-1"
"802","694","-1"
"802","1113","1"
"802","1451","-1"
"802","1721","-1"
"802","1996","-1"
"803","46","1"
"803","86","-1"
"803","452","-1"
"803","460","1"
"803","1151","-1"
"803","1727","1"
"803","1820","-1"
"804","836","-1"
"804","904","1"
"804","1045","1"
"805","2","-1"
"805","458","-1"
"805","621","1"
"805","908","1"
"805","1574","-1"
"805","1998","-1"
"806","857","-1"
"806","1431","1"
"806","1910","1"
"807","1423","-1"
"807","1978","-1"
"808","160","-1"
"808","215","-1"
"808","417","1"
"808","452","1"
"808","1056","1"
"808","1486","-1"
"808","1667","-1"
"809","19","1"
"809","279","1"
"809","1080","1"
"809","1948","-1"
"810","64","1"
"810","596","1"
"810","1340","1"
"810","1613","1"
"810","1739","1"
"811","871","-1"
"811","1050","1"
"811","1893","1"
"812","777","1"
"812","916","1"
"812","1512","1"
"812","1547","-1"
"813","7","-1"
"813","407","-1"
"813","664","-1"
"813","783","1"
"813","1062","-1"
"813","1301","-1"
"813","1365","-1"
"813","1821","-1"
"814","303","-1"
"814","905","-1"
"814","1727","-1"
"815","39","-1"
"815","252","1"
"815","485","-1"
"815","581","-1"
"815","1231","1"
"815","1685","1"
"815","1799","1"
"816","935","1"
"816","1017","1"
"816","1330","-1"
"817","338","-1"
"817","506","-1"
"817","1092","1"
"818","1773","1"
"818","1991","-1"
"819","733","-1"
"819","1663","-1"
"819","1768","-1"
"820","302","1"
"820","511","-1"
"820","1474","-1"
"820","1730","-1"
"820","1795","1"
"821","69","1"
"821","491","-1"
"821","707","1"
"821","820","1"
"821","1732","-1"
"822","309","-1"
"822","383","-1"
"822","405","-1"
"822","568","1"
"822","1405","-1"
"822","1537","-1"
"822","1815","-1"
"823","940","-1"
"823","1286","-1"
"823","1562","1"
"824","100","-1"
"824","269","1"
"824","388","-1"
"824","1512","1"
"825","316","-1"
"825","1248","1"
"825","1446","1"
"825","1940","1"
"826","128","-1"
"826","185","1"
"826","642","-1"
"826","816","-1"
"826","1842","1"
"827","1403","1"
"827","1505","1"
"828","620","1"
"828","986","-1"
"828","1918","-1"
"829","285","1"
"829","307","1"
"829","503","-1"
"829","788","1"
"829","1986","1"
"830","8","-1"
"830","954","-1"
"831","106","1"
"831","164","-1"
"831","733","1"
"831","815","1"
"831","953","-1"
"831","1667","1"
"831","1946","-1"
"832","433","1"
"832","833","-1"
"832","1308","-1"
"832","1709","-1"
"833","1892","-1"
"834","1475","1"
"834","1930","1"
"835","1531","-1"
"836","421","-1"
"836","693","1"
"836","888","1"
"837","303","1"
"837","393","-1"
"837","581","-1"
"838","290","1"
"838","691","-1"
"838","1530","1"
"839","553","-1"
"839","574","-1"
"839","1314","-1"
"839","1545","-1"
"840","843","1"
"840","1921","1"
"841","373","-1"
"841","1878","-1"
"842","88","-1"
"842","337","1"
"842","1218","1"
"842","1358","1"
"843","252","-1"
"843","780","-1"
"843","1231","1"
"844","544","-1"
"844","1542","-1"
"844","1593","1"
"844","1874","1"
"845","202","-1"
"845","428","-1"
"845","932","1"
"845","1031","-1"
"846","297","1"
"846","516","1"
"846","1862","1"
"847","447","1"
"847","1517","1"
"847","1735","-1"
"848","134","1"
"848","208","1"
"848","230","1"
"848","1742","-1"
"849","110","1"
"849","390","-1"
"850","144","1"
"850","194","1"
"850","855","1"
"851","6","1"
"851","167","-1"
"851","231","-1"
"851","1130","1"
"852","497","-1"
"852","841","-1"
"853","1638","-1"
"854","497","-1"
"854","673","1"
"854","757","-1"
"855","125","1"
"855","1272","-1"
"855","1572","-1"
"856","11","-1"
"856","161","1"
"856","296","1"
"856","584","-1"
"856","1110","1"
"857","643","1"
"857","1067","-1"
"857","1119","1"
"857","1399","-1"
"858","487","-1"
"858","612","1"
"859","592","1"
"859","610","1"
"859","1172","1"
"860","605","-1"
"860","1441","1"
"860","1523","1"
"860","1659","-1"
"861","128","-1"
"861","409","-1"
"861","830","-1"
"861","1119","-1"
"861","1987","1"
"862","1051","-1"
"862","1150","-1"
"862","1232","-1"
"862","1593","1"
"862","1920","1"
"863","504","-1"
"863","639","-1"
"863","709","-1"
"863","1143","1"
"863","1244","-1"
"864","53","-1"
"864","474","-1"
"865","171","1"
"865","1260","-1"
"865","1825","-1"
"865","1959","-1"
"866","579","-1"
"866","766","1"
"866","1586","1"
"868","338","-1"
"868","758","-1"
"868","1979","-1"
"869","206","1"
"869","262","-1"
"869","489","-1"
"870","47","1"
"870","265","-1"
"870","1179","1"
"870","1262","1"
"870","1263","1"
"870","1857","1"
"871","115","1"
"871","1127","1"
"871","1595","1"
"871","1932","1"
"872","498","1"
"872","520","1"
"872","792","1"
"872","1910","1"
"872","1956","-1"
"873","152","1"
"873","1689","1"
"873","1716","1"
"874","612","-1"
"874","1119","1"
"875","741","1"
"875","948","1"
"875","954","-1"
"875","1069","1"
"875","1576","1"
"875","1585","1"
"875","1975","1"
"876","493","-1"
"876","719","1"
"876","1107","1"
"876","1478","-1"
"876","1560","1"
"877","109","1"
"877","258","-1"
"877","940","-1"
"877","998","1"
"877","1673","1"
"878","188","1"
"878","294","-1"
"878","640","-1"
"878","884","-1"
"878","1137","-1"
"878","1179","1"
"878","1578","1"
"878","1697","-1"
"878","1811","-1"
"879","121","-1"
"879","213","1"
"879","311","-1"
"879","434","1"
"879","780","-1"
"879","1337","-1"
"879","1753","1"
"880","416","-1"
"880","1166","-1"
"880","1881","-1"
"881","146","-1"
"881","358","-1"
"882","640","1"
"883","140","-1"
"883","852","1"
"883","894","-1"
"883","1159","1"
"883","1182","-1"
"883","1690","-1"
"883","1704","1"
"883","1705","1"
"883","1726","-1"
"884","284","1"
"884","295","-1"
"884","541","1"
"884","852","-1"
"884","1086","-1"
"884","1089","1"
"884","1914","-1"
"885","534","1"
"885","1703","1"
"885","1944","-1"
"886","1303","-1"
"887","462","-1"
"888","109","-1"
"888","165","-1"
"888","483","-1"
"888","804","1"
"888","1223","-1"
"888","1788","-1"
"889","282","-1"
"890","860","1"
"890","1257","-1"
"891","396","-1"
"891","503","1"
"891","898","1"
"891","1067","-1"
"891","1451","1"
"891","1573","1"
"891","1937","1"
"892","389","1"
"892","1164","-1"
"892","1929","1"
"893","667","-1"
"893","744","-1"
"894","7","1"
"894","835","1"
"894","1260","-1"
"894","1275","-1"
"895","315","-1"
"895","767","1"
"895","787","1"
"895","1003","1"
"896","512","1"
"896","1105","-1"
"896","1656","1"
"897","62","1"
"897","1151","1"
"897","1284","-1"
"897","1602","1"
"897","1617","1"
"898","79","1"
"898","218","1"
"898","255","1"
"898","940","-1"
"898","1537","-1"
"898","1617","-1"
"898","1772","1"
"899","521","-1"
"899","1993","1"
"900","14","-1"
"900","764","-1"
"901","1864","-1"
"901","1897","1"
"901","1997","1"
"902","515","1"
"902","1802","-1"
"902","1974","-1"
"903","1456","-1"
"903","1994","1"
"904","667","1"
"904","976","-1"
"904","1959","-1"
"905","726","-1"
"905","867","-1"
"905","1647","-1"
"907","616","-1"
"907","1485","-1"
"908","135","-1"
"908","284","-1"
"908","553","1"
"908","1081","1"
"908","1155","-1"
"908","1593","1"
"909","1072","-1"
"910","1109","1"
"910","1936","1"
"911","187","-1"
"911","263","-1"
"911","633","1"
"911","1941","1"
"912","1180","-1"
"912","1326","1"
"912","1642","1"
"913","159","-1"
"913","278","-1"
"913","737","1"
"913","1101","1"
"913","1488","1"
"914","152","1"
"914","371","1"
"914","1066","-1"
"915","69","1"
"915","78","1"
"916","1275","1"
"916","1520","-1"
"917","381","-1"
"917","1085","-1"
"917","1419","-1"
"917","1725","-1"
"918","86","-1"
"918","1954","1"
"919","864","-1"
"919","890","1"
"919","1091","1"
"919","1314","1"
"919","1544","-1"
"919","1793","-1"
"919","1856","1"
"919","1900","-1"
"919","1997","-1"
"920","12","-1"
"920","100","1"
"920","459","-1"
"920","1063","1"
"920","1524","1"
"920","1584","1"
"921","65","1"
"921","1088","1"
"921","1099","1"
"921","1308","1"
"922","812","1"
"922","995","1"
"922","1229","-1"
"922","1816","1"
"923","22","1"
"923","157","-1"
"923","184","1"
"923","763","1"
"923","867","-1"
"923","1222","-1"
"924","1562","-1"
"924","1865","1"
"924","1916","1"
"925","183","-1"
"925","266","-1"
"925","574","1"
"925","1386","1"
"925","1917","1"
"926","1131","-1"
"926","1298","-1"
"927","65","-1"
"927","116","-1"
"927","944","1"
"927","1006","1"
"928","127","1"
"928","302","-1"
"928","696","-1"
"928","1273","-1"
"928","1824","-1"
"929","1095","-1"
"929","1430","-1"
"929","1764","1"
"930","1142","-1"
"930","1527","1"
"930","1596","1"
"931","206","1"
"932","30","-1"
"932","336","1"
"932","1687","-1"
"932","1866","-1"
"933","24","1"
"933","255","-1"
"933","609","1"
"934","291","1"
"934","1093","-1"
"934","1361","-1"
"934","1538","-1"
"934","1609","-1"
"934","1715","-1"
"935","616","-1"
"935","1110","1"
"936","343","-1"
"936","426","1"
"936","613","-1"
"936","1790","-1"
"937","173","-1"
"937","1421","1"
"937","1677","1"
"938","323","1"
"939","140","-1"
"939","506","-1"
"939","631","-1"
"940","1479","1"
"940","1546","-1"
"941","308","-1"
"941","546","1"
"941","563","1"
"941","860","-1"
"941","1439","1"
"942","12","-1"
"942","218","1"
"942","271","1"
"942","1260","1"
"942","1328","-1"
"942","1729","-1"
"942","1906","-1"
"943","153","1"
"943","1883","1"
"944","656","-1"
"944","714","-1"
"944","1101","-1"
"944","1817","1"
"945","161","-1"
"945","914","-1"
"945","1181","-1"
"945","1230","1"
"945","1738","1"
"946","1057","-1"
"946","1633","1"
"947","18","1"
"947","47","1"
"947","257","1"
"947","1266","1"
"948","817","-1"
"948","1639","-1"
"949","614","1"
"949","1661","-1"
"950","66","1"
"950","746","-1"
"950","983","1"
"950","1061","-1"
"950","1282","1"
"951","46","1"
"951","635","-1"
"951","780","-1"
"951","1090","1"
"951","1391","-1"
"952","42","1"
"952","398","-1"
"952","761","-1"
"952","1110","-1"
"952","1411","-1"
"952","1417","1"
"953","107","-1"
"953","438","-1"
"953","1242","1"
"953","1274","-1"
"953","1683","-1"
"954","832","1"
"954","1528","-1"
"954","1850","1"
"955","124","-1"
"955","441","-1"
"955","898","-1"
"955","1539","-1"
"956","328","-1"
"956","374","-1"
"956","445","1"
"956","562","-1"
"956","862","1"
"956","1773","1"
"957","294","1"
"957","816","1"
"958","358","-1"
"958","490","-1"
"958","1103","-1"
"958","1153","-1"
"958","1162","1"
"959","1185","-1"
"959","1401","1"
"959","1771","-1"
"960","1294","1"
"960","1495","1"
"961","64","-1"
"962","104","-1"
"962","1773","-1"
"962","1779","-1"
"963","763","1"
"963","1864","-1"
"964","782","-1"
"964","1735","-1"
"965","277","1"
"965","326","1"
"965","547","-1"
"965","1083","1"
"966","549","1"
"966","993","1"
"966","1363","1"
"966","1501","-1"
"966","1568","1"
"967","79","1"
"967","534","-1"
"967","965","1"
"967","1538","-1"
"967","1580","-1"
"968","292","-1"
"968","683","1"
"968","1118","-1"
"968","1125","-1"
"969","212","-1"
"969","277","-1"
"969","414","-1"
"969","1102","-1"
"969","1151","-1"
"969","1213","-1"
"969","1839","-1"
"970","819","1"
"970","834","-1"
"970","896","-1"
"970","1234","-1"
"970","1395","1"
"970","1446","1"
"971","448","-1"
"971","1037","1"
"972","321","1"
"972","391","-1"
"972","779","-1"
"972","1132","1"
"972","1901","1"
"973","160","1"
"973","1206","-1"
"973","1888","1"
"974","239","-1"
"974","713","-1"
"974","1617","-1"
"974","1963","1"
"975","15","-1"
"975","693","-1"
"975","792","1"
"975","1192","-1"
"975","1630","1"
"975","1769","1"
"976","97","-1"
"976","622","1"
"976","932","1"
"976","1676","1"
"977","169","1"
"977","1038","1"
"977","1690","1"
"977","1937","1"
"977","1949","1"
"978","144","-1"
"978","404","1"
"978","503","1"
"979","249","1"
"979","354","-1"
"979","507","1"
"979","574","-1"
"979","667","1"
"979","1286","1"
"979","1593","1"
"979","1771","1"
"979","1897","-1"
"979","1942","1"
"980","601","1"
"980","664","1"
"980","778","1"
"980","836","1"
"980","1620","1"
"980","1635","-1"
"981","272","-1"
"981","564","-1"
"981","982","1"
"981","1026","-1"
"981","1184","-1"
"981","1213","1"
"981","1682","1"
"981","1804","-1"
"982","84","1"
"982","315","-1"
"982","1136","1"
"983","49","-1"
"983","430","1"
"983","598","1"
"983","696","1"
"983","1038","1"
"983","1073","-1"
"983","1556","1"
"984","374","1"
"984","637","1"
"984","1120","1"
"984","1372","1"
"984","1479","-1"
"985","502","-1"
"985","1487","1"
"985","1970","-1"
"986","1656","1"
"987","1070","1"
"987","1182","-1"
"987","1305","-1"
"987","1370","-1"
"987","1901","-1"
"988","1148","1"
"988","1287","1"
"988","1748","-1"
"989","616","1"
"989","1051","-1"
"990","830","1"
"990","1182","-1"
"990","1386","1"
"990","1604","-1"
"991","239","1"
"991","1270","-1"
"993","350","1"
"993","830","-1"
"993","1202","1"
"993","1811","1"
"993","1948","-1"
"994","103","1"
"994","292","-1"
"994","737","1"
"994","1009","1"
"994","1182","1"
"994","1619","-1"
"994","1947","-1"
"995","669","-1"
"995","1423","-1"
"995","1629","1"
"996","446","-1"
"996","577","-1"
"996","704","1"
"996","864","-1"
"996","1007","1"
"996","1588","-1"
"996","1772","1"
"997","1065","-1"
"997","1979","-1"
"998","1072","-1"
"998","1649","-1"
"999","128","1"
"999","155","1"
"999","858","1"
"999","1228","1"
"999","1339","-1"
"999","1384","1"
"1000","1232","1"
"1000","1257","1"
"1000","1649","1"
